{
  "O": 0.05000000074505806,
  "B-VULN_TYPE": 0.07921876758337021,
  "B-CVE_ID": 0.1344880312681198,
  "B-IMPACT": 0.12538857758045197,
  "B-SEVERITY": 0.07927469164133072,
  "B-CWE_ID": 0.1353156566619873,
  "B-CVSS_SCORE": 0.1353156566619873,
  "B-CVSS_VECTOR": 0.1353156566619873,
  "B-CPE": 0.1353156566619873,
  "B-REMEDIATION": 0.11148326843976974,
  "B-PATCH": 2.1093623638153076,
  "B-MITIGATION": 0.1484142243862152,
  "B-PRODUCT": 0.09077250212430954,
  "B-VENDOR": 0.1409377008676529,
  "B-VERSION": 0.13183514773845673,
  "B-AFFECTED_COMPONENT": 0.11490429192781448,
  "B-ASSET": 0.1353156566619873,
  "B-ENDPOINT": 0.17457206547260284,
  "B-SERVICE": 0.1466108113527298,
  "B-IP_ADDRESS": 0.11071281135082245,
  "B-IP_RANGE": 0.1353156566619873,
  "B-URL": 0.08267243206501007,
  "B-DOMAIN": 0.05942455306649208,
  "B-EMAIL": 0.12494784593582153,
  "B-PORT": 0.1320933997631073,
  "B-FILE_PATH": 0.17639374732971191,
  "B-FILE_NAME": 0.17639374732971191,
  "B-MD5": 0.13314177095890045,
  "B-SHA1": 0.1353156566619873,
  "B-SHA256": 0.1353156566619873,
  "B-HASH": 2.1093623638153076,
  "B-MALWARE": 0.27697286009788513,
  "B-ATTACK_VECTOR": 0.12078173458576202,
  "B-ATTACK_TECHNIQUE": 0.1350380927324295,
  "B-MITRE_TECHNIQUE": 0.1353156566619873,
  "B-THREAT_ACTOR": 2.1093623638153076,
  "B-EXPLOIT": 0.15223011374473572,
  "B-EXPLOIT_AVAILABLE": 0.28442636132240295,
  "B-RISK_LEVEL": 2.1093623638153076,
  "B-EXPLOITABILITY": 2.1093623638153076,
  "B-CONFIDENTIALITY_IMPACT": 2.1093623638153076,
  "B-INTEGRITY_IMPACT": 2.1093623638153076,
  "B-AVAILABILITY_IMPACT": 2.1093623638153076,
  "I-VULN_TYPE": 0.05000000074505806,
  "I-CVE_ID": 2.1093623638153076,
  "I-IMPACT": 0.05000000074505806,
  "I-SEVERITY": 2.1093623638153076,
  "I-CWE_ID": 2.1093623638153076,
  "I-CVSS_SCORE": 2.1093623638153076,
  "I-CVSS_VECTOR": 2.1093623638153076,
  "I-CPE": 2.1093623638153076,
  "I-REMEDIATION": 0.05000000074505806,
  "I-PATCH": 2.1093623638153076,
  "I-MITIGATION": 0.07252137362957001,
  "I-PRODUCT": 0.10951263457536697,
  "I-VENDOR": 2.1093623638153076,
  "I-VERSION": 0.1396959275007248,
  "I-AFFECTED_COMPONENT": 0.12281182408332825,
  "I-ASSET": 2.1093623638153076,
  "I-ENDPOINT": 2.1093623638153076,
  "I-SERVICE": 0.19931600987911224,
  "I-IP_ADDRESS": 2.1093623638153076,
  "I-IP_RANGE": 2.1093623638153076,
  "I-URL": 2.1093623638153076,
  "I-DOMAIN": 2.1093623638153076,
  "I-EMAIL": 2.1093623638153076,
  "I-PORT": 2.1093623638153076,
  "I-FILE_PATH": 2.1093623638153076,
  "I-FILE_NAME": 2.1093623638153076,
  "I-MD5": 2.1093623638153076,
  "I-SHA1": 2.1093623638153076,
  "I-SHA256": 2.1093623638153076,
  "I-HASH": 2.1093623638153076,
  "I-MALWARE": 0.5273405909538269,
  "I-ATTACK_VECTOR": 0.4398324489593506,
  "I-ATTACK_TECHNIQUE": 0.10113618522882462,
  "I-MITRE_TECHNIQUE": 2.1093623638153076,
  "I-THREAT_ACTOR": 2.1093623638153076,
  "I-EXPLOIT": 0.15223011374473572,
  "I-EXPLOIT_AVAILABLE": 0.29251593351364136,
  "I-RISK_LEVEL": 2.1093623638153076,
  "I-EXPLOITABILITY": 2.1093623638153076,
  "I-CONFIDENTIALITY_IMPACT": 2.1093623638153076,
  "I-INTEGRITY_IMPACT": 2.1093623638153076,
  "I-AVAILABILITY_IMPACT": 2.1093623638153076
}