{
  "AFFECTED_COMPONENT": {
    "precision": 0.9534883720930233,
    "recall": 0.9111111111111111,
    "f1": 0.9318181818181819,
    "number": 45
  },
  "ASSET": {
    "precision": 1.0,
    "recall": 1.0,
    "f1": 1.0,
    "number": 29
  },
  "ATTACK_TECHNIQUE": {
    "precision": 0.1780821917808219,
    "recall": 0.48148148148148145,
    "f1": 0.26,
    "number": 27
  },
  "ATTACK_VECTOR": {
    "precision": 0.95,
    "recall": 1.0,
    "f1": 0.9743589743589743,
    "number": 38
  },
  "CPE": {
    "precision": 0.5370370370370371,
    "recall": 1.0,
    "f1": 0.6987951807228916,
    "number": 29
  },
  "CVE_ID": {
    "precision": 0.9375,
    "recall": 1.0,
    "f1": 0.967741935483871,
    "number": 30
  },
  "CVSS_SCORE": {
    "precision": 1.0,
    "recall": 1.0,
    "f1": 1.0,
    "number": 29
  },
  "CVSS_VECTOR": {
    "precision": 1.0,
    "recall": 1.0,
    "f1": 1.0,
    "number": 29
  },
  "CWE_ID": {
    "precision": 0.7837837837837838,
    "recall": 1.0,
    "f1": 0.8787878787878788,
    "number": 29
  },
  "DOMAIN": {
    "precision": 0.7571428571428571,
    "recall": 0.2896174863387978,
    "f1": 0.41897233201581024,
    "number": 183
  },
  "EMAIL": {
    "precision": 0.725,
    "recall": 0.8055555555555556,
    "f1": 0.7631578947368423,
    "number": 36
  },
  "ENDPOINT": {
    "precision": 1.0,
    "recall": 1.0,
    "f1": 1.0,
    "number": 19
  },
  "EXPLOIT": {
    "precision": 0.7,
    "recall": 0.84,
    "f1": 0.7636363636363636,
    "number": 25
  },
  "EXPLOIT_AVAILABLE": {
    "precision": 0.18181818181818182,
    "recall": 1.0,
    "f1": 0.3076923076923077,
    "number": 4
  },
  "FILE_NAME": {
    "precision": 0.76,
    "recall": 1.0,
    "f1": 0.8636363636363636,
    "number": 19
  },
  "FILE_PATH": {
    "precision": 0.6551724137931034,
    "recall": 1.0,
    "f1": 0.7916666666666666,
    "number": 19
  },
  "IMPACT": {
    "precision": 0.05405405405405406,
    "recall": 0.06060606060606061,
    "f1": 0.05714285714285714,
    "number": 33
  },
  "IP_ADDRESS": {
    "precision": 0.7222222222222222,
    "recall": 0.38235294117647056,
    "f1": 0.4999999999999999,
    "number": 34
  },
  "IP_RANGE": {
    "precision": 0.5777777777777777,
    "recall": 0.896551724137931,
    "f1": 0.7027027027027027,
    "number": 29
  },
  "MALWARE": {
    "precision": 1.0,
    "recall": 1.0,
    "f1": 1.0,
    "number": 8
  },
  "MD5": {
    "precision": 0.25,
    "recall": 0.2413793103448276,
    "f1": 0.24561403508771928,
    "number": 29
  },
  "MITIGATION": {
    "precision": 0.064,
    "recall": 0.3333333333333333,
    "f1": 0.10738255033557047,
    "number": 24
  },
  "MITRE_TECHNIQUE": {
    "precision": 0.9666666666666667,
    "recall": 1.0,
    "f1": 0.983050847457627,
    "number": 29
  },
  "PORT": {
    "precision": 1.0,
    "recall": 1.0,
    "f1": 1.0,
    "number": 29
  },
  "PRODUCT": {
    "precision": 0.796875,
    "recall": 0.7727272727272727,
    "f1": 0.7846153846153846,
    "number": 66
  },
  "REMEDIATION": {
    "precision": 0.0,
    "recall": 0.0,
    "f1": 0.0,
    "number": 43
  },
  "SERVICE": {
    "precision": 0.8275862068965517,
    "recall": 1.0,
    "f1": 0.9056603773584906,
    "number": 24
  },
  "SEVERITY": {
    "precision": 0.9857142857142858,
    "recall": 0.8846153846153846,
    "f1": 0.9324324324324325,
    "number": 78
  },
  "SHA1": {
    "precision": 0.2,
    "recall": 0.1724137931034483,
    "f1": 0.1851851851851852,
    "number": 29
  },
  "SHA256": {
    "precision": 0.37777777777777777,
    "recall": 0.5862068965517241,
    "f1": 0.45945945945945943,
    "number": 29
  },
  "URL": {
    "precision": 0.8842105263157894,
    "recall": 0.9438202247191011,
    "f1": 0.9130434782608695,
    "number": 89
  },
  "VENDOR": {
    "precision": 0.8,
    "recall": 0.9230769230769231,
    "f1": 0.8571428571428571,
    "number": 26
  },
  "VERSION": {
    "precision": 0.5686274509803921,
    "recall": 0.9354838709677419,
    "f1": 0.7073170731707317,
    "number": 31
  },
  "VULN_TYPE": {
    "precision": 0.4117647058823529,
    "recall": 0.44680851063829785,
    "f1": 0.42857142857142855,
    "number": 94
  },
  "overall_precision": 0.6039004707464694,
  "overall_recall": 0.6834094368340944,
  "overall_f1": 0.641199571581578,
  "overall_accuracy": 0.8970911550820226
}