{
  "AFFECTED_COMPONENT": {
    "precision": 0.9302325581395349,
    "recall": 0.8888888888888888,
    "f1": 0.9090909090909092,
    "number": 45
  },
  "ASSET": {
    "precision": 1.0,
    "recall": 1.0,
    "f1": 1.0,
    "number": 29
  },
  "ATTACK_TECHNIQUE": {
    "precision": 0.20270270270270271,
    "recall": 0.5555555555555556,
    "f1": 0.29702970297029707,
    "number": 27
  },
  "ATTACK_VECTOR": {
    "precision": 0.95,
    "recall": 1.0,
    "f1": 0.9743589743589743,
    "number": 38
  },
  "CPE": {
    "precision": 0.5576923076923077,
    "recall": 1.0,
    "f1": 0.7160493827160493,
    "number": 29
  },
  "CVE_ID": {
    "precision": 1.0,
    "recall": 1.0,
    "f1": 1.0,
    "number": 30
  },
  "CVSS_SCORE": {
    "precision": 1.0,
    "recall": 1.0,
    "f1": 1.0,
    "number": 29
  },
  "CVSS_VECTOR": {
    "precision": 1.0,
    "recall": 1.0,
    "f1": 1.0,
    "number": 29
  },
  "CWE_ID": {
    "precision": 0.7837837837837838,
    "recall": 1.0,
    "f1": 0.8787878787878788,
    "number": 29
  },
  "DOMAIN": {
    "precision": 0.6330935251798561,
    "recall": 0.4808743169398907,
    "f1": 0.5465838509316769,
    "number": 183
  },
  "EMAIL": {
    "precision": 0.6862745098039216,
    "recall": 0.9722222222222222,
    "f1": 0.8045977011494253,
    "number": 36
  },
  "ENDPOINT": {
    "precision": 1.0,
    "recall": 1.0,
    "f1": 1.0,
    "number": 19
  },
  "EXPLOIT": {
    "precision": 0.8,
    "recall": 0.96,
    "f1": 0.8727272727272728,
    "number": 25
  },
  "EXPLOIT_AVAILABLE": {
    "precision": 0.2222222222222222,
    "recall": 1.0,
    "f1": 0.3636363636363636,
    "number": 4
  },
  "FILE_NAME": {
    "precision": 0.76,
    "recall": 1.0,
    "f1": 0.8636363636363636,
    "number": 19
  },
  "FILE_PATH": {
    "precision": 0.6551724137931034,
    "recall": 1.0,
    "f1": 0.7916666666666666,
    "number": 19
  },
  "IMPACT": {
    "precision": 0.056338028169014086,
    "recall": 0.12121212121212122,
    "f1": 0.07692307692307693,
    "number": 33
  },
  "IP_ADDRESS": {
    "precision": 0.6666666666666666,
    "recall": 0.47058823529411764,
    "f1": 0.5517241379310345,
    "number": 34
  },
  "IP_RANGE": {
    "precision": 0.6046511627906976,
    "recall": 0.896551724137931,
    "f1": 0.7222222222222221,
    "number": 29
  },
  "MALWARE": {
    "precision": 1.0,
    "recall": 1.0,
    "f1": 1.0,
    "number": 8
  },
  "MD5": {
    "precision": 0.27586206896551724,
    "recall": 0.27586206896551724,
    "f1": 0.27586206896551724,
    "number": 29
  },
  "MITIGATION": {
    "precision": 0.05426356589147287,
    "recall": 0.2916666666666667,
    "f1": 0.0915032679738562,
    "number": 24
  },
  "MITRE_TECHNIQUE": {
    "precision": 0.9666666666666667,
    "recall": 1.0,
    "f1": 0.983050847457627,
    "number": 29
  },
  "PORT": {
    "precision": 1.0,
    "recall": 1.0,
    "f1": 1.0,
    "number": 29
  },
  "PRODUCT": {
    "precision": 0.873015873015873,
    "recall": 0.8333333333333334,
    "f1": 0.8527131782945736,
    "number": 66
  },
  "REMEDIATION": {
    "precision": 0.006493506493506494,
    "recall": 0.023255813953488372,
    "f1": 0.01015228426395939,
    "number": 43
  },
  "SERVICE": {
    "precision": 0.8275862068965517,
    "recall": 1.0,
    "f1": 0.9056603773584906,
    "number": 24
  },
  "SEVERITY": {
    "precision": 0.9487179487179487,
    "recall": 0.9487179487179487,
    "f1": 0.9487179487179487,
    "number": 78
  },
  "SHA1": {
    "precision": 0.3225806451612903,
    "recall": 0.3448275862068966,
    "f1": 0.33333333333333337,
    "number": 29
  },
  "SHA256": {
    "precision": 0.4473684210526316,
    "recall": 0.5862068965517241,
    "f1": 0.5074626865671642,
    "number": 29
  },
  "URL": {
    "precision": 0.8484848484848485,
    "recall": 0.9438202247191011,
    "f1": 0.8936170212765958,
    "number": 89
  },
  "VENDOR": {
    "precision": 0.7142857142857143,
    "recall": 0.9615384615384616,
    "f1": 0.819672131147541,
    "number": 26
  },
  "VERSION": {
    "precision": 0.3670886075949367,
    "recall": 0.9354838709677419,
    "f1": 0.5272727272727272,
    "number": 31
  },
  "VULN_TYPE": {
    "precision": 0.39655172413793105,
    "recall": 0.48936170212765956,
    "f1": 0.4380952380952381,
    "number": 94
  },
  "overall_precision": 0.55031267765776,
  "overall_recall": 0.7366818873668188,
  "overall_f1": 0.6300032541490399,
  "overall_accuracy": 0.8979367495349231
}